Workbook

Sheet Summary
A1: Purchase Summary by Category
A2: Sample project - fictional data. All figures are live formulas over the Categorized sheet.
A4: Category | B4: Orders | C4: Units | D4: Revenue | E4: Avg Order Value | F4: % of Revenue
A5: Electronics | B5: =COUNTIF(Categorized!$H$2:$H$321,A5) -> 70 | C5: =SUMIF(Categorized!$H$2:$H$321,A5,Categorized!$E$2:$E$321) -> 184 | D5: =SUMIF(Categorized!$H$2:$H$321,A5,Categorized!$I$2:$I$321) -> 5663.26 | E5: =IF(B5=0,0,D5/B5) -> 80.903714 | F5: =D5/$D$12 -> 0.28801563
A6: Home & Kitchen | B6: =COUNTIF(Categorized!$H$2:$H$321,A6) -> 65 | C6: =SUMIF(Categorized!$H$2:$H$321,A6,Categorized!$E$2:$E$321) -> 166 | D6: =SUMIF(Categorized!$H$2:$H$321,A6,Categorized!$I$2:$I$321) -> 4987.5 | E6: =IF(B6=0,0,D6/B6) -> 76.730769 | F6: =D6/$D$12 -> 0.2536486
A7: Fitness | B7: =COUNTIF(Categorized!$H$2:$H$321,A7) -> 47 | C7: =SUMIF(Categorized!$H$2:$H$321,A7,Categorized!$E$2:$E$321) -> 109 | D7: =SUMIF(Categorized!$H$2:$H$321,A7,Categorized!$I$2:$I$321) -> 2262.48 | E7: =IF(B7=0,0,D7/B7) -> 48.137872 | F7: =D7/$D$12 -> 0.11506263
A8: Clothing | B8: =COUNTIF(Categorized!$H$2:$H$321,A8) -> 66 | C8: =SUMIF(Categorized!$H$2:$H$321,A8,Categorized!$E$2:$E$321) -> 168 | D8: =SUMIF(Categorized!$H$2:$H$321,A8,Categorized!$I$2:$I$321) -> 4075.19 | E8: =IF(B8=0,0,D8/B8) -> 61.745303 | F8: =D8/$D$12 -> 0.20725137
A9: Beauty | B9: =COUNTIF(Categorized!$H$2:$H$321,A9) -> 37 | C9: =SUMIF(Categorized!$H$2:$H$321,A9,Categorized!$E$2:$E$321) -> 93 | D9: =SUMIF(Categorized!$H$2:$H$321,A9,Categorized!$I$2:$I$321) -> 1326.82 | E9: =IF(B9=0,0,D9/B9) -> 35.86 | F9: =D9/$D$12 -> 0.067477901
A10: Pet Supplies | B10: =COUNTIF(Categorized!$H$2:$H$321,A10) -> 29 | C10: =SUMIF(Categorized!$H$2:$H$321,A10,Categorized!$E$2:$E$321) -> 70 | D10: =SUMIF(Categorized!$H$2:$H$321,A10,Categorized!$I$2:$I$321) -> 1025.28 | E10: =IF(B10=0,0,D10/B10) -> 35.354483 | F10: =D10/$D$12 -> 0.052142523
A11: Uncategorized | B11: =COUNTIF(Categorized!$H$2:$H$321,A11) -> 6 | C11: =SUMIF(Categorized!$H$2:$H$321,A11,Categorized!$E$2:$E$321) -> 15 | D11: =SUMIF(Categorized!$H$2:$H$321,A11,Categorized!$I$2:$I$321) -> 322.5 | E11: =IF(B11=0,0,D11/B11) -> 53.75 | F11: =D11/$D$12 -> 0.016401338
A12: Total | B12: =SUM(B5:B11) -> 320 | C12: =SUM(C5:C11) -> 805 | D12: =SUM(D5:D11) -> 19663.03 | E12: =D12/B12 -> 61.446969 | F12: =SUM(F5:F11) -> 1
A14: Revenue by Region
A15: Category | B15: North | C15: South | D15: East | E15: West
A16: Electronics | B16: =SUMIFS(Categorized!$I$2:$I$321,Categorized!$H$2:$H$321,$A16,Categorized!$G$2:$G$321,B$15) -> 1614.34 | C16: =SUMIFS(Categorized!$I$2:$I$321,Categorized!$H$2:$H$321,$A16,Categorized!$G$2:$G$321,C$15) -> 1298.35 | D16: =SUMIFS(Categorized!$I$2:$I$321,Categorized!$H$2:$H$321,$A16,Categorized!$G$2:$G$321,D$15) -> 1034.91 | E16: =SUMIFS(Categorized!$I$2:$I$321,Categorized!$H$2:$H$321,$A16,Categorized!$G$2:$G$321,E$15) -> 1715.66
A17: Home & Kitchen | B17: =SUMIFS(Categorized!$I$2:$I$321,Categorized!$H$2:$H$321,$A17,Categorized!$G$2:$G$321,B$15) -> 1289 | C17: =SUMIFS(Categorized!$I$2:$I$321,Categorized!$H$2:$H$321,$A17,Categorized!$G$2:$G$321,C$15) -> 1208 | D17: =SUMIFS(Categorized!$I$2:$I$321,Categorized!$H$2:$H$321,$A17,Categorized!$G$2:$G$321,D$15) -> 1374.5 | E17: =SUMIFS(Categorized!$I$2:$I$321,Categorized!$H$2:$H$321,$A17,Categorized!$G$2:$G$321,E$15) -> 1116
A18: Fitness | B18: =SUMIFS(Categorized!$I$2:$I$321,Categorized!$H$2:$H$321,$A18,Categorized!$G$2:$G$321,B$15) -> 588.89 | C18: =SUMIFS(Categorized!$I$2:$I$321,Categorized!$H$2:$H$321,$A18,Categorized!$G$2:$G$321,C$15) -> 738.85 | D18: =SUMIFS(Categorized!$I$2:$I$321,Categorized!$H$2:$H$321,$A18,Categorized!$G$2:$G$321,D$15) -> 651.85 | E18: =SUMIFS(Categorized!$I$2:$I$321,Categorized!$H$2:$H$321,$A18,Categorized!$G$2:$G$321,E$15) -> 282.89
A19: Clothing | B19: =SUMIFS(Categorized!$I$2:$I$321,Categorized!$H$2:$H$321,$A19,Categorized!$G$2:$G$321,B$15) -> 950.4 | C19: =SUMIFS(Categorized!$I$2:$I$321,Categorized!$H$2:$H$321,$A19,Categorized!$G$2:$G$321,C$15) -> 1414.47 | D19: =SUMIFS(Categorized!$I$2:$I$321,Categorized!$H$2:$H$321,$A19,Categorized!$G$2:$G$321,D$15) -> 582.46 | E19: =SUMIFS(Categorized!$I$2:$I$321,Categorized!$H$2:$H$321,$A19,Categorized!$G$2:$G$321,E$15) -> 1127.86
A20: Beauty | B20: =SUMIFS(Categorized!$I$2:$I$321,Categorized!$H$2:$H$321,$A20,Categorized!$G$2:$G$321,B$15) -> 221.48 | C20: =SUMIFS(Categorized!$I$2:$I$321,Categorized!$H$2:$H$321,$A20,Categorized!$G$2:$G$321,C$15) -> 298.48 | D20: =SUMIFS(Categorized!$I$2:$I$321,Categorized!$H$2:$H$321,$A20,Categorized!$G$2:$G$321,D$15) -> 626.37 | E20: =SUMIFS(Categorized!$I$2:$I$321,Categorized!$H$2:$H$321,$A20,Categorized!$G$2:$G$321,E$15) -> 180.49
A21: Pet Supplies | B21: =SUMIFS(Categorized!$I$2:$I$321,Categorized!$H$2:$H$321,$A21,Categorized!$G$2:$G$321,B$15) -> 380.41 | C21: =SUMIFS(Categorized!$I$2:$I$321,Categorized!$H$2:$H$321,$A21,Categorized!$G$2:$G$321,C$15) -> 113.94 | D21: =SUMIFS(Categorized!$I$2:$I$321,Categorized!$H$2:$H$321,$A21,Categorized!$G$2:$G$321,D$15) -> 210.95 | E21: =SUMIFS(Categorized!$I$2:$I$321,Categorized!$H$2:$H$321,$A21,Categorized!$G$2:$G$321,E$15) -> 319.98
A22: Uncategorized | B22: =SUMIFS(Categorized!$I$2:$I$321,Categorized!$H$2:$H$321,$A22,Categorized!$G$2:$G$321,B$15) -> 4.5 | C22: =SUMIFS(Categorized!$I$2:$I$321,Categorized!$H$2:$H$321,$A22,Categorized!$G$2:$G$321,C$15) -> 120 | D22: =SUMIFS(Categorized!$I$2:$I$321,Categorized!$H$2:$H$321,$A22,Categorized!$G$2:$G$321,D$15) -> 78 | E22: =SUMIFS(Categorized!$I$2:$I$321,Categorized!$H$2:$H$321,$A22,Categorized!$G$2:$G$321,E$15) -> 120

Sheet Raw Export
A1: order_id | B1: date | C1: customer | D1: item | E1: qty | F1: price | G1: region
A2: ORD-5305 | B2: 10 Jun 2026 | C2: Lily Fischer | D2: POWER BANK 10000MAH | E2: 3 | F2: $27.99 | G2: West
A3: ORD-5034 | B3: 2026-08-01 | C3: Chloe Fischer | D3: Baseball Cap | E3: 1 | F3: $13.50 | G3: South
A4: ORD-5068 | B4: 21 Sep 2026 | C4: Emma Mokoena | D4: hand blender | E4: 3 | F4: 45.00 | G4: East
A5: ORD-5278 | B5: 20/09/2026 | C5: Thandi Santos | D5: HDMI Cable 2m | E5: 1 | F5: $9.99 | G5: South
A6: ORD-5031 | B6: 2026-05-12 | C6: Chloe Carter | D6: ceramic mug set | E6: 4 | F6: USD 22.00 | G6: South
A7: ORD-5299 | B7: 02 Jun 2026 | C7: Ava Hughes | D7: Resistance Band Set | E7: 4 | F7: $15.99 | G7: West
A8: ORD-5057 | B8: 27 May 2026 | C8: Zoe Mokoena | D8: usb-c charger 30w | E8: 4 | F8: USD 18.50 | G8: North
A9: ORD-5217 | B9: 03 Jun 2026 | C9: Ethan Khumalo | D9: hdmi cable 2m | E9: 3 | F9: 9.99 | G9: West
A10: ORD-5275 | B10: 20 Aug 2026 | C10: Thandi Carter | D10: Baseball Cap | E10: 3 | F10: 13.50 | G10: South
A11: ORD-5005 | B11: 2026-09-12 | C11: Chloe Hughes | D11: non-stick frying pan | E11: 4 | F11: USD 28.00 | G11: South
A12: ORD-5118 | B12: 29 Sep 2026 | C12: Ravi Patel | D12: Power Bank 10000mAh | E12: 2 | F12: USD 27.99 | G12: North
A13: ORD-5304 | B13: 2026-08-01 | C13: Liam Hughes | D13: Non-stick Frying Pan | E13: 2 | F13: 28.00 | G13: North
... A330: ORD-5150 | B330: 20 Sep 2026 | C330: Zoe Mokoena | D330: ELECTRIC KETTLE 1.7L | E330: 1 | F330: USD 31.50 | G330: East

Sheet Categorized
A1: Order ID | B1: Date | C1: Customer | D1: Item | E1: Qty | F1: Unit Price | G1: Region | H1: Category | I1: Line Total | J1: Month
A2: ORD-5267 | B2: 46113 | C2: Zoe Meyer | D2: Mystery Box | E2: 1 | F2: 30 | G2: West | H2: Uncategorized | I2: =E2*F2 -> 30 | J2: =TEXT(B2,"yyyy-mm") -> 2026-04
A3: ORD-5076 | B3: 46113 | C3: Ava Hughes | D3: Electric Kettle 1.7L | E3: 2 | F3: 31.5 | G3: North | H3: Home & Kitchen | I3: =E3*F3 -> 63 | J3: =TEXT(B3,"yyyy-mm") -> 2026-04
A4: ORD-5221 | B4: 46114 | C4: Ben Khumalo | D4: Cotton T-Shirt | E4: 3 | F4: 14.99 | G4: North | H4: Clothing | I4: =E4*F4 -> 44.97 | J4: =TEXT(B4,"yyyy-mm") -> 2026-04
A5: ORD-5036 | B5: 46115 | C5: Liam Meyer | D5: Pet Grooming Brush | E5: 4 | F5: 11.99 | G5: South | H5: Pet Supplies | I5: =E5*F5 -> 47.96 | J5: =TEXT(B5,"yyyy-mm") -> 2026-04
A6: ORD-5207 | B6: 46115 | C6: Lily Fischer | D6: USB-C Charger 30W | E6: 3 | F6: 18.5 | G6: West | H6: Electronics | I6: =E6*F6 -> 55.5 | J6: =TEXT(B6,"yyyy-mm") -> 2026-04
A7: ORD-5055 | B7: 46115 | C7: Ben Naidoo | D7: USB-C Charger 30W | E7: 1 | F7: 18.5 | G7: South | H7: Electronics | I7: =E7*F7 -> 18.5 | J7: =TEXT(B7,"yyyy-mm") -> 2026-04
A8: ORD-5142 | B8: 46117 | C8: Emma Santos | D8: Steel Water Bottle 750ml | E8: 3 | F8: 17 | G8: North | H8: Fitness | I8: =E8*F8 -> 51 | J8: =TEXT(B8,"yyyy-mm") -> 2026-04
A9: ORD-5292 | B9: 46118 | C9: Chloe Carter | D9: Skipping Rope | E9: 2 | F9: 8.99 | G9: North | H9: Fitness | I9: =E9*F9 -> 17.98 | J9: =TEXT(B9,"yyyy-mm") -> 2026-04
A10: ORD-5236 | B10: 46119 | C10: Thandi Brooks | D10: Power Bank 10000mAh | E10: 3 | F10: 27.99 | G10: South | H10: Electronics | I10: =E10*F10 -> 83.97 | J10: =TEXT(B10,"yyyy-mm") -> 2026-04
A11: ORD-5116 | B11: 46119 | C11: Leo Patel | D11: Zip Hoodie | E11: 1 | F11: 44 | G11: East | H11: Clothing | I11: =E11*F11 -> 44 | J11: =TEXT(B11,"yyyy-mm") -> 2026-04
A12: ORD-5155 | B12: 46120 | C12: Noah Khumalo | D12: Lip Balm Trio | E12: 1 | F12: 7.5 | G12: West | H12: Beauty | I12: =E12*F12 -> 7.5 | J12: =TEXT(B12,"yyyy-mm") -> 2026-04
A13: ORD-5191 | B13: 46120 | C13: Zoe Hughes | D13: HDMI Cable 2m | E13: 1 | F13: 9.99 | G13: South | H13: Electronics | I13: =E13*F13 -> 9.99 | J13: =TEXT(B13,"yyyy-mm") -> 2026-04
... A321: ORD-5222 | B321: 46295 | C321: Ethan Santos | D321: Pet Grooming Brush | E321: 1 | F321: 11.99 | G321: North | H321: Pet Supplies | I321: =E321*F321 -> 11.99 | J321: =TEXT(B321,"yyyy-mm") -> 2026-09

Sheet Category Rules
A1: Category | B1: Keywords (first match wins)
A2: Electronics | B2: headphone, earbud, charger, usb, speaker, power bank, hdmi
A3: Home & Kitchen | B3: mug, kettle, pan, knife, towel, candle, blender
A4: Fitness | B4: yoga, dumbbell, resistance, skipping, water bottle, foam roller
A5: Clothing | B5: t-shirt, tshirt, hoodie, socks, cap, jacket, leggings
A6: Beauty | B6: serum, shampoo, moisturi, lip balm, sunscreen
A7: Pet Supplies | B7: dog, cat , pet , leash, litter
A8: Uncategorized | B8: anything that matches no rule - highlighted yellow for manual review
